[{"model": "covid19.registodecasossuspeitos", "pk": 9, "fields": {"quantidade": 22, "created": "2020-03-28", "municipio": 1505536}}, {"model": "covid19.registodecasossuspeitos", "pk": 10, "fields": {"quantidade": 28, "created": "2020-03-26", "municipio": 1505536}}, {"model": "covid19.registodecasossuspeitos", "pk": 11, "fields": {"quantidade": 29, "created": "2020-03-25", "municipio": 1505536}}, {"model": "covid19.registodecasossuspeitos", "pk": 12, "fields": {"quantidade": 26, "created": "2020-03-24", "municipio": 1505536}}, {"model": "covid19.registodecasossuspeitos", "pk": 13, "fields": {"quantidade": 23, "created": "2020-03-22", "municipio": 1505536}}, {"model": "covid19.registodecasossuspeitos", "pk": 14, "fields": {"quantidade": 21, "created": "2020-03-21", "municipio": 1505536}}, {"model": "covid19.registodecasossuspeitos", "pk": 15, "fields": {"quantidade": 14, "created": "2020-03-20", "municipio": 1505536}}, {"model": "covid19.registodecasossuspeitos", "pk": 16, "fields": {"quantidade": 8, "created": "2020-03-19", "municipio": 1505536}}, {"model": "covid19.registodecasossuspeitos", "pk": 17, "fields": {"quantidade": 17, "created": "2020-03-29", "municipio": 1505536}}, {"model": "covid19.registodecasossuspeitos", "pk": 18, "fields": {"quantidade": 12, "created": "2020-03-31", "municipio": 1505536}}, {"model": "covid19.registodecasossuspeitos", "pk": 19, "fields": {"quantidade": 8, "created": "2020-04-01", "municipio": 1505536}}, {"model": "covid19.registodecasossuspeitos", "pk": 20, "fields": {"quantidade": 6, "created": "2020-04-02", "municipio": 1505536}}, {"model": "covid19.registodecasossuspeitos", "pk": 21, "fields": {"quantidade": 5, "created": "2020-04-04", "municipio": 1505536}}, {"model": "covid19.registodecasoconfirmado", "pk": 4, "fields": {"grupo_populacional": 6, "sexo": 1, "created": "2020-03-23", "municipio": 1504208}}, {"model": "covid19.registodecasoconfirmado", "pk": 5, "fields": {"grupo_populacional": 8, "sexo": 1, "created": "2020-03-22", "municipio": 1501402}}, {"model": "covid19.registodecasoconfirmado", "pk": 6, "fields": {"grupo_populacional": 9, "sexo": 0, "created": "2020-03-22", "municipio": 1501402}}, {"model": "covid19.registodecasoconfirmado", "pk": 7, "fields": {"grupo_populacional": 7, "sexo": 1, "created": "2020-03-20", "municipio": 1501402}}, {"model": "covid19.registodecasoconfirmado", "pk": 8, "fields": {"grupo_populacional": 7, "sexo": 0, "created": "2020-03-18", "municipio": 1501402}}, {"model": "covid19.registodecasoconfirmado", "pk": 9, "fields": {"grupo_populacional": 7, "sexo": 1, "created": "2020-03-25", "municipio": 1500800}}, {"model": "covid19.registodecasoconfirmado", "pk": 10, "fields": {"grupo_populacional": 8, "sexo": 0, "created": "2020-03-25", "municipio": 1500800}}, {"model": "covid19.registodecasoconfirmado", "pk": 11, "fields": {"grupo_populacional": 5, "sexo": 1, "created": "2020-03-25", "municipio": 1501402}}, {"model": "covid19.registodecasoconfirmado", "pk": 12, "fields": {"grupo_populacional": 7, "sexo": 0, "created": "2020-03-25", "municipio": 1501402}}, {"model": "covid19.registodecasoconfirmado", "pk": 13, "fields": {"grupo_populacional": 5, "sexo": 1, "created": "2020-03-26", "municipio": 1503606}}, {"model": "covid19.registodecasoconfirmado", "pk": 14, "fields": {"grupo_populacional": 8, "sexo": 1, "created": "2020-03-26", "municipio": 1502400}}, {"model": "covid19.registodecasoconfirmado", "pk": 15, "fields": {"grupo_populacional": 7, "sexo": 1, "created": "2020-03-26", "municipio": 1500800}}, {"model": "covid19.registodecasoconfirmado", "pk": 16, "fields": {"grupo_populacional": 6, "sexo": 0, "created": "2020-03-26", "municipio": 1500800}}, {"model": "covid19.registodecasoconfirmado", "pk": 17, "fields": {"grupo_populacional": 6, "sexo": 0, "created": "2020-03-28", "municipio": 1505536}}, {"model": "covid19.registodecasoconfirmado", "pk": 18, "fields": {"grupo_populacional": 8, "sexo": 0, "created": "2020-03-27", "municipio": 1501402}}, {"model": "covid19.registodecasoconfirmado", "pk": 19, "fields": {"grupo_populacional": 8, "sexo": 0, "created": "2020-03-27", "municipio": 1501402}}, {"model": "covid19.registodecasoconfirmado", "pk": 20, "fields": {"grupo_populacional": 8, "sexo": 1, "created": "2020-03-27", "municipio": 1501402}}, {"model": "covid19.registodecasoconfirmado", "pk": 21, "fields": {"grupo_populacional": 8, "sexo": 1, "created": "2020-03-28", "municipio": 1501402}}, {"model": "covid19.registodecasoconfirmado", "pk": 22, "fields": {"grupo_populacional": 2, "sexo": 1, "created": "2020-03-29", "municipio": 1501402}}, {"model": "covid19.registodecasoconfirmado", "pk": 23, "fields": {"grupo_populacional": 7, "sexo": 0, "created": "2020-03-29", "municipio": 1501402}}, {"model": "covid19.registodecasoconfirmado", "pk": 24, "fields": {"grupo_populacional": 10, "sexo": 1, "created": "2020-03-30", "municipio": 1501402}}, {"model": "covid19.registodecasoconfirmado", "pk": 25, "fields": {"grupo_populacional": 7, "sexo": 0, "created": "2020-03-30", "municipio": 1501402}}, {"model": "covid19.registodecasoconfirmado", "pk": 26, "fields": {"grupo_populacional": 9, "sexo": 1, "created": "2020-03-30", "municipio": 1501402}}, {"model": "covid19.registodecasoconfirmado", "pk": 27, "fields": {"grupo_populacional": 9, "sexo": 0, "created": "2020-03-30", "municipio": 1501402}}, {"model": "covid19.registodecasoconfirmado", "pk": 28, "fields": {"grupo_populacional": 7, "sexo": 0, "created": "2020-03-30", "municipio": 1501402}}, {"model": "covid19.registodecasoconfirmado", "pk": 29, "fields": {"grupo_populacional": 6, "sexo": 0, "created": "2020-03-30", "municipio": 1501402}}, {"model": "covid19.registodecasoconfirmado", "pk": 30, "fields": {"grupo_populacional": 6, "sexo": 1, "created": "2020-03-31", "municipio": 1501402}}, {"model": "covid19.registodecasoconfirmado", "pk": 31, "fields": {"grupo_populacional": 8, "sexo": 0, "created": "2020-03-31", "municipio": 1501402}}, {"model": "covid19.registodecasoconfirmado", "pk": 32, "fields": {"grupo_populacional": 6, "sexo": 1, "created": "2020-03-31", "municipio": 1500800}}, {"model": "covid19.registodecasoconfirmado", "pk": 33, "fields": {"grupo_populacional": 5, "sexo": 0, "created": "2020-03-31", "municipio": 1501402}}, {"model": "covid19.registodecasoconfirmado", "pk": 34, "fields": {"grupo_populacional": 9, "sexo": 1, "created": "2020-03-31", "municipio": 1501402}}, {"model": "covid19.registodecasoconfirmado", "pk": 35, "fields": {"grupo_populacional": 7, "sexo": 1, "created": "2020-03-31", "municipio": 1500107}}, {"model": "covid19.registodecasoconfirmado", "pk": 36, "fields": {"grupo_populacional": 7, "sexo": 1, "created": "2020-03-31", "municipio": 1508100}}, {"model": "covid19.registodecasoconfirmado", "pk": 37, "fields": {"grupo_populacional": 7, "sexo": 0, "created": "2020-03-31", "municipio": 1504422}}, {"model": "covid19.registodecasoconfirmado", "pk": 38, "fields": {"grupo_populacional": 6, "sexo": 1, "created": "2020-04-01", "municipio": 1500800}}, {"model": "covid19.registodecasoconfirmado", "pk": 39, "fields": {"grupo_populacional": 7, "sexo": 0, "created": "2020-04-01", "municipio": 1501402}}, {"model": "covid19.registodecasoconfirmado", "pk": 40, "fields": {"grupo_populacional": 4, "sexo": 1, "created": "2020-04-01", "municipio": 1501402}}, {"model": "covid19.registodecasoconfirmado", "pk": 41, "fields": {"grupo_populacional": 8, "sexo": 1, "created": "2020-04-01", "municipio": 1501402}}, {"model": "covid19.registodecasoconfirmado", "pk": 42, "fields": {"grupo_populacional": 8, "sexo": 1, "created": "2020-04-01", "municipio": 1501303}}, {"model": "covid19.registodecasoconfirmado", "pk": 43, "fields": {"grupo_populacional": 7, "sexo": 1, "created": "2020-04-01", "municipio": 1501402}}, {"model": "covid19.registodecasoconfirmado", "pk": 44, "fields": {"grupo_populacional": 11, "sexo": 1, "created": "2020-03-19", "municipio": 1506807}}, {"model": "covid19.registodecasoconfirmado", "pk": 45, "fields": {"grupo_populacional": 10, "sexo": 0, "created": "2020-04-02", "municipio": 1500800}}, {"model": "covid19.registodecasoconfirmado", "pk": 46, "fields": {"grupo_populacional": 9, "sexo": 0, "created": "2020-04-02", "municipio": 1506807}}, {"model": "covid19.registodecasoconfirmado", "pk": 47, "fields": {"grupo_populacional": 9, "sexo": 0, "created": "2020-04-02", "municipio": 1506807}}, {"model": "covid19.registodecasoconfirmado", "pk": 48, "fields": {"grupo_populacional": 8, "sexo": 1, "created": "2020-04-02", "municipio": 1506807}}, {"model": "covid19.registodecasoconfirmado", "pk": 49, "fields": {"grupo_populacional": 10, "sexo": 0, "created": "2020-04-02", "municipio": 1500800}}, {"model": "covid19.registodecasoconfirmado", "pk": 50, "fields": {"grupo_populacional": 10, "sexo": 0, "created": "2020-04-02", "municipio": 1501402}}, {"model": "covid19.registodecasoconfirmado", "pk": 51, "fields": {"grupo_populacional": 10, "sexo": 0, "created": "2020-04-02", "municipio": 1501402}}, {"model": "covid19.registodecasoconfirmado", "pk": 52, "fields": {"grupo_populacional": 6, "sexo": 0, "created": "2020-04-02", "municipio": 1501402}}, {"model": "covid19.registodecasoconfirmado", "pk": 53, "fields": {"grupo_populacional": 10, "sexo": 1, "created": "2020-04-03", "municipio": 1501402}}, {"model": "covid19.registodecasoconfirmado", "pk": 54, "fields": {"grupo_populacional": 9, "sexo": 1, "created": "2020-04-03", "municipio": 1501402}}, {"model": "covid19.registodecasoconfirmado", "pk": 55, "fields": {"grupo_populacional": 7, "sexo": 1, "created": "2020-04-03", "municipio": 1501402}}, {"model": "covid19.registodecasoconfirmado", "pk": 56, "fields": {"grupo_populacional": 7, "sexo": 1, "created": "2020-04-03", "municipio": 1501402}}, {"model": "covid19.registodecasoconfirmado", "pk": 57, "fields": {"grupo_populacional": 7, "sexo": 0, "created": "2020-04-03", "municipio": 1501402}}, {"model": "covid19.registodecasoconfirmado", "pk": 58, "fields": {"grupo_populacional": 6, "sexo": 0, "created": "2020-04-03", "municipio": 1501402}}, {"model": "covid19.registodecasoconfirmado", "pk": 59, "fields": {"grupo_populacional": 6, "sexo": 1, "created": "2020-04-03", "municipio": 1501402}}, {"model": "covid19.registodecasoconfirmado", "pk": 60, "fields": {"grupo_populacional": 7, "sexo": 1, "created": "2020-04-03", "municipio": 1501402}}, {"model": "covid19.registodecasoconfirmado", "pk": 61, "fields": {"grupo_populacional": 5, "sexo": 1, "created": "2020-04-03", "municipio": 1503606}}, {"model": "covid19.registodecasoconfirmado", "pk": 62, "fields": {"grupo_populacional": 7, "sexo": 0, "created": "2020-04-03", "municipio": 1503606}}, {"model": "covid19.registodecasoconfirmado", "pk": 63, "fields": {"grupo_populacional": 9, "sexo": 0, "created": "2020-04-03", "municipio": 1501501}}, {"model": "covid19.registodecasoconfirmado", "pk": 64, "fields": {"grupo_populacional": 8, "sexo": 1, "created": "2020-04-03", "municipio": 1504208}}, {"model": "covid19.registodecasoconfirmado", "pk": 65, "fields": {"grupo_populacional": 5, "sexo": 0, "created": "2020-04-03", "municipio": 1505205}}, {"model": "covid19.registodecasoconfirmado", "pk": 66, "fields": {"grupo_populacional": 7, "sexo": 0, "created": "2020-04-03", "municipio": 1505031}}, {"model": "covid19.registodecasoconfirmado", "pk": 67, "fields": {"grupo_populacional": 7, "sexo": 0, "created": "2020-04-03", "municipio": 1500602}}, {"model": "covid19.registodecasoconfirmado", "pk": 68, "fields": {"grupo_populacional": 5, "sexo": 1, "created": "2020-04-03", "municipio": 1507458}}, {"model": "covid19.registodecasoconfirmado", "pk": 69, "fields": {"grupo_populacional": 8, "sexo": 0, "created": "2020-04-03", "municipio": 1503093}}, {"model": "covid19.registodecasoconfirmado", "pk": 70, "fields": {"grupo_populacional": 8, "sexo": 1, "created": "2020-04-03", "municipio": 1501402}}, {"model": "covid19.registodecasoconfirmado", "pk": 71, "fields": {"grupo_populacional": 7, "sexo": 1, "created": "2020-04-03", "municipio": 1501402}}, {"model": "covid19.registodecasoconfirmado", "pk": 72, "fields": {"grupo_populacional": 11, "sexo": 1, "created": "2020-04-03", "municipio": 1501402}}, {"model": "covid19.registodecasoconfirmado", "pk": 73, "fields": {"grupo_populacional": 6, "sexo": 1, "created": "2020-04-03", "municipio": 1501402}}, {"model": "covid19.registodecasoconfirmado", "pk": 74, "fields": {"grupo_populacional": 7, "sexo": 1, "created": "2020-04-03", "municipio": 1501402}}, {"model": "covid19.registodecasoconfirmado", "pk": 75, "fields": {"grupo_populacional": 10, "sexo": 1, "created": "2020-04-03", "municipio": 1501402}}, {"model": "covid19.registodecasoconfirmado", "pk": 76, "fields": {"grupo_populacional": 8, "sexo": 0, "created": "2020-04-03", "municipio": 1506807}}, {"model": "covid19.registodecasoconfirmado", "pk": 77, "fields": {"grupo_populacional": 10, "sexo": 0, "created": "2020-04-03", "municipio": 1502400}}, {"model": "covid19.registodecasoconfirmado", "pk": 78, "fields": {"grupo_populacional": 9, "sexo": 0, "created": "2020-04-03", "municipio": 1505536}}, {"model": "covid19.registodecasoconfirmado", "pk": 79, "fields": {"grupo_populacional": 9, "sexo": 0, "created": "2020-04-04", "municipio": 1501402}}, {"model": "covid19.registodecasoconfirmado", "pk": 80, "fields": {"grupo_populacional": 6, "sexo": 1, "created": "2020-04-04", "municipio": 1504422}}, {"model": "covid19.registodecasoconfirmado", "pk": 81, "fields": {"grupo_populacional": 8, "sexo": 1, "created": "2020-04-04", "municipio": 1500800}}, {"model": "covid19.registodecasoconfirmado", "pk": 82, "fields": {"grupo_populacional": 9, "sexo": 1, "created": "2020-04-04", "municipio": 1501402}}, {"model": "covid19.registodecasoconfirmado", "pk": 83, "fields": {"grupo_populacional": 5, "sexo": 0, "created": "2020-04-04", "municipio": 1501402}}, {"model": "covid19.registodecasoconfirmado", "pk": 84, "fields": {"grupo_populacional": 7, "sexo": 1, "created": "2020-04-04", "municipio": 1501303}}, {"model": "covid19.registodecasoconfirmado", "pk": 85, "fields": {"grupo_populacional": 6, "sexo": 0, "created": "2020-04-04", "municipio": 1501303}}, {"model": "covid19.registodecasoconfirmado", "pk": 86, "fields": {"grupo_populacional": 9, "sexo": 0, "created": "2020-04-05", "municipio": 1501402}}, {"model": "covid19.registodecasoconfirmado", "pk": 87, "fields": {"grupo_populacional": 8, "sexo": 0, "created": "2020-04-05", "municipio": 1501402}}, {"model": "covid19.registodecasoconfirmado", "pk": 88, "fields": {"grupo_populacional": 10, "sexo": 0, "created": "2020-04-05", "municipio": 1501402}}, {"model": "covid19.registodecasoconfirmado", "pk": 89, "fields": {"grupo_populacional": 7, "sexo": 0, "created": "2020-04-05", "municipio": 1501402}}, {"model": "covid19.registodecasoconfirmado", "pk": 90, "fields": {"grupo_populacional": 8, "sexo": 1, "created": "2020-04-06", "municipio": 1501402}}, {"model": "covid19.registodecasoconfirmado", "pk": 91, "fields": {"grupo_populacional": 9, "sexo": 1, "created": "2020-04-06", "municipio": 1501402}}, {"model": "covid19.registodecasoconfirmado", "pk": 92, "fields": {"grupo_populacional": 7, "sexo": 0, "created": "2020-04-06", "municipio": 1501402}}, {"model": "covid19.registodecasoconfirmado", "pk": 93, "fields": {"grupo_populacional": 10, "sexo": 0, "created": "2020-04-06", "municipio": 1501402}}, {"model": "covid19.registodecasoconfirmado", "pk": 94, "fields": {"grupo_populacional": 10, "sexo": 0, "created": "2020-04-06", "municipio": 1501402}}, {"model": "covid19.registodecasoconfirmado", "pk": 95, "fields": {"grupo_populacional": 7, "sexo": 0, "created": "2020-04-06", "municipio": 1501402}}, {"model": "covid19.registodecasoconfirmado", "pk": 97, "fields": {"grupo_populacional": 11, "sexo": 1, "created": "2020-04-06", "municipio": 1501402}}, {"model": "covid19.registodecasoconfirmado", "pk": 98, "fields": {"grupo_populacional": 7, "sexo": 1, "created": "2020-04-06", "municipio": 1500800}}, {"model": "covid19.registodecasoconfirmado", "pk": 99, "fields": {"grupo_populacional": 9, "sexo": 1, "created": "2020-04-06", "municipio": 1501402}}, {"model": "covid19.registodecasoobito", "pk": 1, "fields": {"grupo_populacional": 11, "sexo": 1, "created": "2020-03-19", "municipio": 1506807}}, {"model": "covid19.registodecasoobito", "pk": 2, "fields": {"grupo_populacional": 9, "sexo": 1, "created": "2020-04-06", "municipio": 1501402}}, {"model": "covid19.registodecasoobito", "pk": 3, "fields": {"grupo_populacional": 8, "sexo": 0, "created": "2020-04-06", "municipio": 1501402}}, {"model": "covid19.registodecasoobito", "pk": 4, "fields": {"grupo_populacional": 11, "sexo": 1, "created": "2020-04-06", "municipio": 1501402}}, {"model": "covid19.municipio", "pk": 1500107, "fields": {"nome": "Abaetetuba", "populacao_projetada": 157698, "populacao_00_04": 13094, "populacao_05_09": 14090, "populacao_10_14": 16282, "populacao_15_19": 16571, "populacao_20_24": 14892, "populacao_25_29": 13323, "populacao_30_39": 20366, "populacao_40_49": 13430, "populacao_50_59": 9065, "populacao_60_69": 5685, "populacao_70": 4302, "uf": 15}}, {"model": "covid19.municipio", "pk": 1500131, "fields": {"nome": "Abel Figueiredo", "populacao_projetada": 7434, "populacao_00_04": 658, "populacao_05_09": 712, "populacao_10_14": 754, "populacao_15_19": 705, "populacao_20_24": 607, "populacao_25_29": 642, "populacao_30_39": 980, "populacao_40_49": 729, "populacao_50_59": 461, "populacao_60_69": 313, "populacao_70": 219, "uf": 15}}, {"model": "covid19.municipio", "pk": 1500206, "fields": {"nome": "Acar\u00e1", "populacao_projetada": 55591, "populacao_00_04": 6275, "populacao_05_09": 6368, "populacao_10_14": 6781, "populacao_15_19": 6146, "populacao_20_24": 5156, "populacao_25_29": 4417, "populacao_30_39": 7035, "populacao_40_49": 4794, "populacao_50_59": 2962, "populacao_60_69": 2159, "populacao_70": 1476, "uf": 15}}, {"model": "covid19.municipio", "pk": 1500305, "fields": {"nome": "Afu\u00e1", "populacao_projetada": 39218, "populacao_00_04": 4666, "populacao_05_09": 4896, "populacao_10_14": 5004, "populacao_15_19": 4205, "populacao_20_24": 3237, "populacao_25_29": 2779, "populacao_30_39": 4050, "populacao_40_49": 2652, "populacao_50_59": 1761, "populacao_60_69": 1027, "populacao_70": 765, "uf": 15}}, {"model": "covid19.municipio", "pk": 1500347, "fields": {"nome": "\u00c1gua Azul do Norte", "populacao_projetada": 27430, "populacao_00_04": 2025, "populacao_05_09": 2381, "populacao_10_14": 2540, "populacao_15_19": 2378, "populacao_20_24": 2797, "populacao_25_29": 2674, "populacao_30_39": 4763, "populacao_40_49": 2874, "populacao_50_59": 1520, "populacao_60_69": 759, "populacao_70": 346, "uf": 15}}, {"model": "covid19.municipio", "pk": 1500404, "fields": {"nome": "Alenquer", "populacao_projetada": 56789, "populacao_00_04": 6160, "populacao_05_09": 6682, "populacao_10_14": 6925, "populacao_15_19": 5853, "populacao_20_24": 4193, "populacao_25_29": 3925, "populacao_30_39": 6705, "populacao_40_49": 4486, "populacao_50_59": 3449, "populacao_60_69": 2282, "populacao_70": 1966, "uf": 15}}, {"model": "covid19.municipio", "pk": 1500503, "fields": {"nome": "Almeirim", "populacao_projetada": 34109, "populacao_00_04": 3910, "populacao_05_09": 3879, "populacao_10_14": 4123, "populacao_15_19": 3732, "populacao_20_24": 3057, "populacao_25_29": 2869, "populacao_30_39": 4730, "populacao_40_49": 3319, "populacao_50_59": 2160, "populacao_60_69": 1102, "populacao_70": 733, "uf": 15}}, {"model": "covid19.municipio", "pk": 1500602, "fields": {"nome": "Altamira", "populacao_projetada": 114594, "populacao_00_04": 9230, "populacao_05_09": 10058, "populacao_10_14": 10846, "populacao_15_19": 10379, "populacao_20_24": 9610, "populacao_25_29": 9630, "populacao_30_39": 15073, "populacao_40_49": 10654, "populacao_50_59": 6900, "populacao_60_69": 3779, "populacao_70": 2916, "uf": 15}}, {"model": "covid19.municipio", "pk": 1500701, "fields": {"nome": "Anaj\u00e1s", "populacao_projetada": 29277, "populacao_00_04": 3558, "populacao_05_09": 3682, "populacao_10_14": 3409, "populacao_15_19": 2853, "populacao_20_24": 2353, "populacao_25_29": 1944, "populacao_30_39": 2870, "populacao_40_49": 1660, "populacao_50_59": 1108, "populacao_60_69": 697, "populacao_70": 625, "uf": 15}}, {"model": "covid19.municipio", "pk": 1500800, "fields": {"nome": "Ananindeua", "populacao_projetada": 530598, "populacao_00_04": 37443, "populacao_05_09": 40313, "populacao_10_14": 45098, "populacao_15_19": 45391, "populacao_20_24": 47134, "populacao_25_29": 47837, "populacao_30_39": 81440, "populacao_40_49": 58665, "populacao_50_59": 38190, "populacao_60_69": 18867, "populacao_70": 11602, "uf": 15}}, {"model": "covid19.municipio", "pk": 1500859, "fields": {"nome": "Anapu", "populacao_projetada": 27890, "populacao_00_04": 2442, "populacao_05_09": 2425, "populacao_10_14": 2471, "populacao_15_19": 2313, "populacao_20_24": 1952, "populacao_25_29": 1823, "populacao_30_39": 2753, "populacao_40_49": 1921, "populacao_50_59": 1363, "populacao_60_69": 689, "populacao_70": 391, "uf": 15}}, {"model": "covid19.municipio", "pk": 1500909, "fields": {"nome": "Augusto Corr\u00eaa", "populacao_projetada": 45998, "populacao_00_04": 4879, "populacao_05_09": 5136, "populacao_10_14": 5266, "populacao_15_19": 4644, "populacao_20_24": 3759, "populacao_25_29": 3291, "populacao_30_39": 4852, "populacao_40_49": 3289, "populacao_50_59": 2426, "populacao_60_69": 1670, "populacao_70": 1285, "uf": 15}}, {"model": "covid19.municipio", "pk": 1500958, "fields": {"nome": "Aurora do Par\u00e1", "populacao_projetada": 31338, "populacao_00_04": 2655, "populacao_05_09": 3060, "populacao_10_14": 3419, "populacao_15_19": 2916, "populacao_20_24": 2687, "populacao_25_29": 2364, "populacao_30_39": 3595, "populacao_40_49": 2392, "populacao_50_59": 1610, "populacao_60_69": 1104, "populacao_70": 744, "uf": 15}}, {"model": "covid19.municipio", "pk": 1501006, "fields": {"nome": "Aveiro", "populacao_projetada": 16388, "populacao_00_04": 1885, "populacao_05_09": 2118, "populacao_10_14": 2288, "populacao_15_19": 1820, "populacao_20_24": 1188, "populacao_25_29": 1118, "populacao_30_39": 1795, "populacao_40_49": 1383, "populacao_50_59": 1077, "populacao_60_69": 653, "populacao_70": 524, "uf": 15}}, {"model": "covid19.municipio", "pk": 1501105, "fields": {"nome": "Bagre", "populacao_projetada": 30673, "populacao_00_04": 3364, "populacao_05_09": 3396, "populacao_10_14": 3496, "populacao_15_19": 2859, "populacao_20_24": 2261, "populacao_25_29": 2017, "populacao_30_39": 2849, "populacao_40_49": 1541, "populacao_50_59": 975, "populacao_60_69": 686, "populacao_70": 420, "uf": 15}}, {"model": "covid19.municipio", "pk": 1501204, "fields": {"nome": "Bai\u00e3o", "populacao_projetada": 47446, "populacao_00_04": 3882, "populacao_05_09": 4457, "populacao_10_14": 4689, "populacao_15_19": 4030, "populacao_20_24": 3790, "populacao_25_29": 3299, "populacao_30_39": 4994, "populacao_40_49": 3262, "populacao_50_59": 2199, "populacao_60_69": 1388, "populacao_70": 892, "uf": 15}}, {"model": "covid19.municipio", "pk": 1501253, "fields": {"nome": "Bannach", "populacao_projetada": 3286, "populacao_00_04": 352, "populacao_05_09": 359, "populacao_10_14": 343, "populacao_15_19": 322, "populacao_20_24": 259, "populacao_25_29": 326, "populacao_30_39": 531, "populacao_40_49": 384, "populacao_50_59": 299, "populacao_60_69": 165, "populacao_70": 91, "uf": 15}}, {"model": "covid19.municipio", "pk": 1501303, "fields": {"nome": "Barcarena", "populacao_projetada": 124680, "populacao_00_04": 10238, "populacao_05_09": 10338, "populacao_10_14": 11418, "populacao_15_19": 10777, "populacao_20_24": 10335, "populacao_25_29": 9769, "populacao_30_39": 15254, "populacao_40_49": 10187, "populacao_50_59": 6253, "populacao_60_69": 3163, "populacao_70": 2127, "uf": 15}}, {"model": "covid19.municipio", "pk": 1501402, "fields": {"nome": "Bel\u00e9m", "populacao_projetada": 1492745, "populacao_00_04": 99651, "populacao_05_09": 105722, "populacao_10_14": 119561, "populacao_15_19": 126040, "populacao_20_24": 135405, "populacao_25_29": 137416, "populacao_30_39": 234398, "populacao_40_49": 179848, "populacao_50_59": 125586, "populacao_60_69": 73155, "populacao_70": 56617, "uf": 15}}, {"model": "covid19.municipio", "pk": 1501451, "fields": {"nome": "Belterra", "populacao_projetada": 17732, "populacao_00_04": 1711, "populacao_05_09": 1998, "populacao_10_14": 1972, "populacao_15_19": 1673, "populacao_20_24": 1236, "populacao_25_29": 1249, "populacao_30_39": 2143, "populacao_40_49": 1587, "populacao_50_59": 1255, "populacao_60_69": 804, "populacao_70": 690, "uf": 15}}, {"model": "covid19.municipio", "pk": 1501501, "fields": {"nome": "Benevides", "populacao_projetada": 62737, "populacao_00_04": 4579, "populacao_05_09": 5190, "populacao_10_14": 5480, "populacao_15_19": 5400, "populacao_20_24": 5021, "populacao_25_29": 5084, "populacao_30_39": 8351, "populacao_40_49": 5542, "populacao_50_59": 3579, "populacao_60_69": 1940, "populacao_70": 1485, "uf": 15}}, {"model": "covid19.municipio", "pk": 1501576, "fields": {"nome": "Bom Jesus do Tocantins", "populacao_projetada": 16981, "populacao_00_04": 1457, "populacao_05_09": 1540, "populacao_10_14": 1738, "populacao_15_19": 1558, "populacao_20_24": 1489, "populacao_25_29": 1376, "populacao_30_39": 2127, "populacao_40_49": 1627, "populacao_50_59": 1153, "populacao_60_69": 730, "populacao_70": 503, "uf": 15}}, {"model": "covid19.municipio", "pk": 1501600, "fields": {"nome": "Bonito", "populacao_projetada": 16286, "populacao_00_04": 1465, "populacao_05_09": 1480, "populacao_10_14": 1442, "populacao_15_19": 1429, "populacao_20_24": 1396, "populacao_25_29": 1387, "populacao_30_39": 1986, "populacao_40_49": 1257, "populacao_50_59": 862, "populacao_60_69": 492, "populacao_70": 434, "uf": 15}}, {"model": "covid19.municipio", "pk": 1501709, "fields": {"nome": "Bragan\u00e7a", "populacao_projetada": 127686, "populacao_00_04": 11783, "populacao_05_09": 12107, "populacao_10_14": 12845, "populacao_15_19": 12519, "populacao_20_24": 11561, "populacao_25_29": 10177, "populacao_30_39": 15390, "populacao_40_49": 10635, "populacao_50_59": 7495, "populacao_60_69": 4865, "populacao_70": 3850, "uf": 15}}, {"model": "covid19.municipio", "pk": 1501725, "fields": {"nome": "Brasil Novo", "populacao_projetada": 15086, "populacao_00_04": 1511, "populacao_05_09": 1510, "populacao_10_14": 1730, "populacao_15_19": 1640, "populacao_20_24": 1404, "populacao_25_29": 1328, "populacao_30_39": 2294, "populacao_40_49": 1849, "populacao_50_59": 1158, "populacao_60_69": 738, "populacao_70": 528, "uf": 15}}, {"model": "covid19.municipio", "pk": 1501758, "fields": {"nome": "Brejo Grande do Araguaia", "populacao_projetada": 7380, "populacao_00_04": 767, "populacao_05_09": 784, "populacao_10_14": 818, "populacao_15_19": 825, "populacao_20_24": 679, "populacao_25_29": 612, "populacao_30_39": 962, "populacao_40_49": 730, "populacao_50_59": 580, "populacao_60_69": 315, "populacao_70": 245, "uf": 15}}, {"model": "covid19.municipio", "pk": 1501782, "fields": {"nome": "Breu Branco", "populacao_projetada": 66046, "populacao_00_04": 6154, "populacao_05_09": 6241, "populacao_10_14": 6677, "populacao_15_19": 5670, "populacao_20_24": 5264, "populacao_25_29": 4702, "populacao_30_39": 7043, "populacao_40_49": 4614, "populacao_50_59": 3239, "populacao_60_69": 1839, "populacao_70": 1050, "uf": 15}}, {"model": "covid19.municipio", "pk": 1501808, "fields": {"nome": "Breves", "populacao_projetada": 102701, "populacao_00_04": 12113, "populacao_05_09": 12503, "populacao_10_14": 13133, "populacao_15_19": 10597, "populacao_20_24": 8787, "populacao_25_29": 7187, "populacao_30_39": 11073, "populacao_40_49": 6942, "populacao_50_59": 4990, "populacao_60_69": 3111, "populacao_70": 2424, "uf": 15}}, {"model": "covid19.municipio", "pk": 1501907, "fields": {"nome": "Bujaru", "populacao_projetada": 29132, "populacao_00_04": 2931, "populacao_05_09": 3268, "populacao_10_14": 3246, "populacao_15_19": 2910, "populacao_20_24": 2277, "populacao_25_29": 2083, "populacao_30_39": 3387, "populacao_40_49": 2318, "populacao_50_59": 1470, "populacao_60_69": 1048, "populacao_70": 757, "uf": 15}}, {"model": "covid19.municipio", "pk": 1501956, "fields": {"nome": "Cachoeira do Piri\u00e1", "populacao_projetada": 33900, "populacao_00_04": 3442, "populacao_05_09": 3845, "populacao_10_14": 3367, "populacao_15_19": 2604, "populacao_20_24": 2653, "populacao_25_29": 2309, "populacao_30_39": 3492, "populacao_40_49": 2351, "populacao_50_59": 1346, "populacao_60_69": 718, "populacao_70": 357, "uf": 15}}, {"model": "covid19.municipio", "pk": 1502004, "fields": {"nome": "Cachoeira do Arari", "populacao_projetada": 23767, "populacao_00_04": 2175, "populacao_05_09": 2204, "populacao_10_14": 2364, "populacao_15_19": 2212, "populacao_20_24": 1966, "populacao_25_29": 1842, "populacao_30_39": 2660, "populacao_40_49": 2088, "populacao_50_59": 1296, "populacao_60_69": 842, "populacao_70": 794, "uf": 15}}, {"model": "covid19.municipio", "pk": 1502103, "fields": {"nome": "Camet\u00e1", "populacao_projetada": 137890, "populacao_00_04": 13503, "populacao_05_09": 14115, "populacao_10_14": 15334, "populacao_15_19": 13875, "populacao_20_24": 12297, "populacao_25_29": 10400, "populacao_30_39": 15351, "populacao_40_49": 9726, "populacao_50_59": 7206, "populacao_60_69": 4902, "populacao_70": 4187, "uf": 15}}, {"model": "covid19.municipio", "pk": 1502152, "fields": {"nome": "Cana\u00e3 dos Caraj\u00e1s", "populacao_projetada": 37085, "populacao_00_04": 2897, "populacao_05_09": 2814, "populacao_10_14": 2906, "populacao_15_19": 2657, "populacao_20_24": 2781, "populacao_25_29": 2859, "populacao_30_39": 4366, "populacao_40_49": 2742, "populacao_50_59": 1528, "populacao_60_69": 778, "populacao_70": 388, "uf": 15}}, {"model": "covid19.municipio", "pk": 1502202, "fields": {"nome": "Capanema", "populacao_projetada": 69027, "populacao_00_04": 5263, "populacao_05_09": 5980, "populacao_10_14": 6744, "populacao_15_19": 6470, "populacao_20_24": 6139, "populacao_25_29": 5849, "populacao_30_39": 9633, "populacao_40_49": 7029, "populacao_50_59": 4886, "populacao_60_69": 2925, "populacao_70": 2721, "uf": 15}}, {"model": "covid19.municipio", "pk": 1502301, "fields": {"nome": "Capit\u00e3o Po\u00e7o", "populacao_projetada": 54303, "populacao_00_04": 4901, "populacao_05_09": 5822, "populacao_10_14": 6381, "populacao_15_19": 5978, "populacao_20_24": 5008, "populacao_25_29": 4433, "populacao_30_39": 7092, "populacao_40_49": 5118, "populacao_50_59": 3313, "populacao_60_69": 2099, "populacao_70": 1748, "uf": 15}}, {"model": "covid19.municipio", "pk": 1502400, "fields": {"nome": "Castanhal", "populacao_projetada": 200793, "populacao_00_04": 15297, "populacao_05_09": 16019, "populacao_10_14": 17593, "populacao_15_19": 18040, "populacao_20_24": 18011, "populacao_25_29": 17280, "populacao_30_39": 27511, "populacao_40_49": 19134, "populacao_50_59": 12089, "populacao_60_69": 6966, "populacao_70": 5209, "uf": 15}}, {"model": "covid19.municipio", "pk": 1502509, "fields": {"nome": "Chaves", "populacao_projetada": 23717, "populacao_00_04": 2812, "populacao_05_09": 2827, "populacao_10_14": 2752, "populacao_15_19": 2293, "populacao_20_24": 1990, "populacao_25_29": 1577, "populacao_30_39": 2528, "populacao_40_49": 1753, "populacao_50_59": 1209, "populacao_60_69": 747, "populacao_70": 517, "uf": 15}}, {"model": "covid19.municipio", "pk": 1502608, "fields": {"nome": "Colares", "populacao_projetada": 12085, "populacao_00_04": 1187, "populacao_05_09": 1176, "populacao_10_14": 1311, "populacao_15_19": 1278, "populacao_20_24": 1029, "populacao_25_29": 911, "populacao_30_39": 1361, "populacao_40_49": 1138, "populacao_50_59": 808, "populacao_60_69": 636, "populacao_70": 546, "uf": 15}}, {"model": "covid19.municipio", "pk": 1502707, "fields": {"nome": "Concei\u00e7\u00e3o do Araguaia", "populacao_projetada": 47864, "populacao_00_04": 3997, "populacao_05_09": 4567, "populacao_10_14": 5119, "populacao_15_19": 4620, "populacao_20_24": 3729, "populacao_25_29": 3674, "populacao_30_39": 6644, "populacao_40_49": 5087, "populacao_50_59": 3689, "populacao_60_69": 2511, "populacao_70": 1920, "uf": 15}}, {"model": "covid19.municipio", "pk": 1502756, "fields": {"nome": "Conc\u00f3rdia do Par\u00e1", "populacao_projetada": 33318, "populacao_00_04": 3295, "populacao_05_09": 3213, "populacao_10_14": 3376, "populacao_15_19": 3281, "populacao_20_24": 2965, "populacao_25_29": 2512, "populacao_30_39": 3837, "populacao_40_49": 2320, "populacao_50_59": 1480, "populacao_60_69": 1116, "populacao_70": 821, "uf": 15}}, {"model": "covid19.municipio", "pk": 1502764, "fields": {"nome": "Cumaru do Norte", "populacao_projetada": 13473, "populacao_00_04": 1103, "populacao_05_09": 1090, "populacao_10_14": 1040, "populacao_15_19": 852, "populacao_20_24": 912, "populacao_25_29": 1001, "populacao_30_39": 1750, "populacao_40_49": 1399, "populacao_50_59": 811, "populacao_60_69": 373, "populacao_70": 135, "uf": 15}}, {"model": "covid19.municipio", "pk": 1502772, "fields": {"nome": "Curion\u00f3polis", "populacao_projetada": 17929, "populacao_00_04": 1744, "populacao_05_09": 1841, "populacao_10_14": 2099, "populacao_15_19": 2054, "populacao_20_24": 1679, "populacao_25_29": 1377, "populacao_30_39": 2237, "populacao_40_49": 1887, "populacao_50_59": 1599, "populacao_60_69": 977, "populacao_70": 794, "uf": 15}}, {"model": "covid19.municipio", "pk": 1502806, "fields": {"nome": "Curralinho", "populacao_projetada": 34448, "populacao_00_04": 4212, "populacao_05_09": 4060, "populacao_10_14": 4003, "populacao_15_19": 3395, "populacao_20_24": 2700, "populacao_25_29": 2281, "populacao_30_39": 3254, "populacao_40_49": 1919, "populacao_50_59": 1276, "populacao_60_69": 843, "populacao_70": 606, "uf": 15}}, {"model": "covid19.municipio", "pk": 1502855, "fields": {"nome": "Curu\u00e1", "populacao_projetada": 14393, "populacao_00_04": 1513, "populacao_05_09": 1726, "populacao_10_14": 1583, "populacao_15_19": 1341, "populacao_20_24": 1120, "populacao_25_29": 992, "populacao_30_39": 1438, "populacao_40_49": 1042, "populacao_50_59": 714, "populacao_60_69": 442, "populacao_70": 343, "uf": 15}}, {"model": "covid19.municipio", "pk": 1502905, "fields": {"nome": "Curu\u00e7\u00e1", "populacao_projetada": 40066, "populacao_00_04": 3275, "populacao_05_09": 3799, "populacao_10_14": 3930, "populacao_15_19": 3627, "populacao_20_24": 3134, "populacao_25_29": 2715, "populacao_30_39": 4378, "populacao_40_49": 3385, "populacao_50_59": 2517, "populacao_60_69": 1857, "populacao_70": 1677, "uf": 15}}, {"model": "covid19.municipio", "pk": 1502939, "fields": {"nome": "Dom Eliseu", "populacao_projetada": 59719, "populacao_00_04": 5227, "populacao_05_09": 5715, "populacao_10_14": 5915, "populacao_15_19": 5337, "populacao_20_24": 5403, "populacao_25_29": 4951, "populacao_30_39": 7842, "populacao_40_49": 5235, "populacao_50_59": 3078, "populacao_60_69": 1608, "populacao_70": 1008, "uf": 15}}, {"model": "covid19.municipio", "pk": 1502954, "fields": {"nome": "Eldorado do Caraj\u00e1s", "populacao_projetada": 33808, "populacao_00_04": 3428, "populacao_05_09": 3667, "populacao_10_14": 3893, "populacao_15_19": 3401, "populacao_20_24": 3096, "populacao_25_29": 2531, "populacao_30_39": 4099, "populacao_40_49": 3307, "populacao_50_59": 2230, "populacao_60_69": 1365, "populacao_70": 769, "uf": 15}}, {"model": "covid19.municipio", "pk": 1503002, "fields": {"nome": "Faro", "populacao_projetada": 7194, "populacao_00_04": 1009, "populacao_05_09": 1074, "populacao_10_14": 1011, "populacao_15_19": 974, "populacao_20_24": 711, "populacao_25_29": 623, "populacao_30_39": 969, "populacao_40_49": 678, "populacao_50_59": 518, "populacao_60_69": 323, "populacao_70": 287, "uf": 15}}, {"model": "covid19.municipio", "pk": 1503044, "fields": {"nome": "Floresta do Araguaia", "populacao_projetada": 20304, "populacao_00_04": 1814, "populacao_05_09": 1885, "populacao_10_14": 2031, "populacao_15_19": 1898, "populacao_20_24": 1583, "populacao_25_29": 1512, "populacao_30_39": 2705, "populacao_40_49": 1861, "populacao_50_59": 1290, "populacao_60_69": 741, "populacao_70": 448, "uf": 15}}, {"model": "covid19.municipio", "pk": 1503077, "fields": {"nome": "Garraf\u00e3o do Norte", "populacao_projetada": 26066, "populacao_00_04": 2675, "populacao_05_09": 3161, "populacao_10_14": 3293, "populacao_15_19": 2994, "populacao_20_24": 2366, "populacao_25_29": 2109, "populacao_30_39": 3158, "populacao_40_49": 2170, "populacao_50_59": 1387, "populacao_60_69": 1030, "populacao_70": 691, "uf": 15}}, {"model": "covid19.municipio", "pk": 1503093, "fields": {"nome": "Goian\u00e9sia do Par\u00e1", "populacao_projetada": 40475, "populacao_00_04": 3229, "populacao_05_09": 3233, "populacao_10_14": 3503, "populacao_15_19": 3217, "populacao_20_24": 3145, "populacao_25_29": 3023, "populacao_30_39": 4560, "populacao_40_49": 2927, "populacao_50_59": 1955, "populacao_60_69": 977, "populacao_70": 667, "uf": 15}}, {"model": "covid19.municipio", "pk": 1503101, "fields": {"nome": "Gurup\u00e1", "populacao_projetada": 33376, "populacao_00_04": 3815, "populacao_05_09": 4013, "populacao_10_14": 4017, "populacao_15_19": 3326, "populacao_20_24": 2842, "populacao_25_29": 2271, "populacao_30_39": 3469, "populacao_40_49": 2178, "populacao_50_59": 1401, "populacao_60_69": 1023, "populacao_70": 707, "uf": 15}}, {"model": "covid19.municipio", "pk": 1503200, "fields": {"nome": "Igarap\u00e9-A\u00e7u", "populacao_projetada": 38807, "populacao_00_04": 3230, "populacao_05_09": 3610, "populacao_10_14": 4028, "populacao_15_19": 4044, "populacao_20_24": 3479, "populacao_25_29": 3227, "populacao_30_39": 4851, "populacao_40_49": 3645, "populacao_50_59": 2621, "populacao_60_69": 1780, "populacao_70": 1372, "uf": 15}}, {"model": "covid19.municipio", "pk": 1503309, "fields": {"nome": "Igarap\u00e9-Miri", "populacao_projetada": 62698, "populacao_00_04": 6697, "populacao_05_09": 6345, "populacao_10_14": 6747, "populacao_15_19": 6773, "populacao_20_24": 6030, "populacao_25_29": 5084, "populacao_30_39": 7689, "populacao_40_49": 5009, "populacao_50_59": 3610, "populacao_60_69": 2275, "populacao_70": 1818, "uf": 15}}, {"model": "covid19.municipio", "pk": 1503408, "fields": {"nome": "Inhangapi", "populacao_projetada": 11711, "populacao_00_04": 943, "populacao_05_09": 1061, "populacao_10_14": 1156, "populacao_15_19": 1116, "populacao_20_24": 1036, "populacao_25_29": 835, "populacao_30_39": 1316, "populacao_40_49": 1026, "populacao_50_59": 708, "populacao_60_69": 474, "populacao_70": 366, "uf": 15}}, {"model": "covid19.municipio", "pk": 1503457, "fields": {"nome": "Ipixuna do Par\u00e1", "populacao_projetada": 64053, "populacao_00_04": 5241, "populacao_05_09": 6114, "populacao_10_14": 6577, "populacao_15_19": 5341, "populacao_20_24": 5779, "populacao_25_29": 5123, "populacao_30_39": 7825, "populacao_40_49": 4407, "populacao_50_59": 2535, "populacao_60_69": 1588, "populacao_70": 779, "uf": 15}}, {"model": "covid19.municipio", "pk": 1503507, "fields": {"nome": "Irituia", "populacao_projetada": 32550, "populacao_00_04": 3294, "populacao_05_09": 3643, "populacao_10_14": 3763, "populacao_15_19": 3367, "populacao_20_24": 2869, "populacao_25_29": 2535, "populacao_30_39": 4160, "populacao_40_49": 2772, "populacao_50_59": 2104, "populacao_60_69": 1601, "populacao_70": 1256, "uf": 15}}, {"model": "covid19.municipio", "pk": 1503606, "fields": {"nome": "Itaituba", "populacao_projetada": 101247, "populacao_00_04": 8974, "populacao_05_09": 10123, "populacao_10_14": 11594, "populacao_15_19": 10474, "populacao_20_24": 9468, "populacao_25_29": 9163, "populacao_30_39": 13923, "populacao_40_49": 10597, "populacao_50_59": 7021, "populacao_60_69": 3658, "populacao_70": 2498, "uf": 15}}, {"model": "covid19.municipio", "pk": 1503705, "fields": {"nome": "Itupiranga", "populacao_projetada": 53269, "populacao_00_04": 5947, "populacao_05_09": 6027, "populacao_10_14": 6412, "populacao_15_19": 5449, "populacao_20_24": 4841, "populacao_25_29": 4347, "populacao_30_39": 6650, "populacao_40_49": 4664, "populacao_50_59": 3615, "populacao_60_69": 2121, "populacao_70": 1147, "uf": 15}}, {"model": "covid19.municipio", "pk": 1503754, "fields": {"nome": "Jacareacanga", "populacao_projetada": 8239, "populacao_00_04": 1666, "populacao_05_09": 1657, "populacao_10_14": 1471, "populacao_15_19": 1195, "populacao_20_24": 1386, "populacao_25_29": 1249, "populacao_30_39": 2054, "populacao_40_49": 1909, "populacao_50_59": 947, "populacao_60_69": 386, "populacao_70": 183, "uf": 15}}, {"model": "covid19.municipio", "pk": 1503804, "fields": {"nome": "Jacund\u00e1", "populacao_projetada": 59155, "populacao_00_04": 4930, "populacao_05_09": 5208, "populacao_10_14": 5695, "populacao_15_19": 5661, "populacao_20_24": 5741, "populacao_25_29": 4954, "populacao_30_39": 7773, "populacao_40_49": 5187, "populacao_50_59": 3037, "populacao_60_69": 1778, "populacao_70": 1396, "uf": 15}}, {"model": "covid19.municipio", "pk": 1503903, "fields": {"nome": "Juruti", "populacao_projetada": 57943, "populacao_00_04": 5925, "populacao_05_09": 6327, "populacao_10_14": 6269, "populacao_15_19": 5192, "populacao_20_24": 4517, "populacao_25_29": 3922, "populacao_30_39": 5644, "populacao_40_49": 3604, "populacao_50_59": 2605, "populacao_60_69": 1571, "populacao_70": 1510, "uf": 15}}, {"model": "covid19.municipio", "pk": 1504000, "fields": {"nome": "Limoeiro do Ajuru", "populacao_projetada": 28935, "populacao_00_04": 3045, "populacao_05_09": 3184, "populacao_10_14": 3373, "populacao_15_19": 2994, "populacao_20_24": 2551, "populacao_25_29": 2042, "populacao_30_39": 3182, "populacao_40_49": 1986, "populacao_50_59": 1294, "populacao_60_69": 796, "populacao_70": 574, "uf": 15}}, {"model": "covid19.municipio", "pk": 1504059, "fields": {"nome": "M\u00e3e do Rio", "populacao_projetada": 30077, "populacao_00_04": 2843, "populacao_05_09": 3020, "populacao_10_14": 3158, "populacao_15_19": 3002, "populacao_20_24": 2739, "populacao_25_29": 2468, "populacao_30_39": 4011, "populacao_40_49": 2649, "populacao_50_59": 1837, "populacao_60_69": 1222, "populacao_70": 955, "uf": 15}}, {"model": "covid19.municipio", "pk": 1504109, "fields": {"nome": "Magalh\u00e3es Barata", "populacao_projetada": 8548, "populacao_00_04": 793, "populacao_05_09": 914, "populacao_10_14": 967, "populacao_15_19": 912, "populacao_20_24": 700, "populacao_25_29": 650, "populacao_30_39": 928, "populacao_40_49": 762, "populacao_50_59": 591, "populacao_60_69": 476, "populacao_70": 422, "uf": 15}}, {"model": "covid19.municipio", "pk": 1504208, "fields": {"nome": "Marab\u00e1", "populacao_projetada": 279349, "populacao_00_04": 24495, "populacao_05_09": 24018, "populacao_10_14": 24882, "populacao_15_19": 23982, "populacao_20_24": 25125, "populacao_25_29": 23973, "populacao_30_39": 35623, "populacao_40_49": 23816, "populacao_50_59": 14752, "populacao_60_69": 7543, "populacao_70": 5460, "uf": 15}}, {"model": "covid19.municipio", "pk": 1504307, "fields": {"nome": "Maracan\u00e3", "populacao_projetada": 29473, "populacao_00_04": 2744, "populacao_05_09": 3261, "populacao_10_14": 3585, "populacao_15_19": 3199, "populacao_20_24": 2373, "populacao_25_29": 2166, "populacao_30_39": 3448, "populacao_40_49": 2657, "populacao_50_59": 2059, "populacao_60_69": 1566, "populacao_70": 1318, "uf": 15}}, {"model": "covid19.municipio", "pk": 1504406, "fields": {"nome": "Marapanim", "populacao_projetada": 28336, "populacao_00_04": 2358, "populacao_05_09": 2803, "populacao_10_14": 3204, "populacao_15_19": 2923, "populacao_20_24": 2195, "populacao_25_29": 2098, "populacao_30_39": 3431, "populacao_40_49": 2575, "populacao_50_59": 2132, "populacao_60_69": 1537, "populacao_70": 1349, "uf": 15}}, {"model": "covid19.municipio", "pk": 1504422, "fields": {"nome": "Marituba", "populacao_projetada": 131521, "populacao_00_04": 9747, "populacao_05_09": 10363, "populacao_10_14": 11044, "populacao_15_19": 10231, "populacao_20_24": 11143, "populacao_25_29": 11404, "populacao_30_39": 19671, "populacao_40_49": 12013, "populacao_50_59": 6874, "populacao_60_69": 3501, "populacao_70": 2255, "uf": 15}}, {"model": "covid19.municipio", "pk": 1504455, "fields": {"nome": "Medicil\u00e2ndia", "populacao_projetada": 31597, "populacao_00_04": 2656, "populacao_05_09": 2994, "populacao_10_14": 3021, "populacao_15_19": 2978, "populacao_20_24": 2699, "populacao_25_29": 2491, "populacao_30_39": 3976, "populacao_40_49": 2960, "populacao_50_59": 1916, "populacao_60_69": 1025, "populacao_70": 612, "uf": 15}}, {"model": "covid19.municipio", "pk": 1504505, "fields": {"nome": "Melga\u00e7o", "populacao_projetada": 27654, "populacao_00_04": 3692, "populacao_05_09": 3628, "populacao_10_14": 3615, "populacao_15_19": 3030, "populacao_20_24": 2387, "populacao_25_29": 2008, "populacao_30_39": 2910, "populacao_40_49": 1584, "populacao_50_59": 980, "populacao_60_69": 527, "populacao_70": 447, "uf": 15}}, {"model": "covid19.municipio", "pk": 1504604, "fields": {"nome": "Mocajuba", "populacao_projetada": 31136, "populacao_00_04": 2948, "populacao_05_09": 3391, "populacao_10_14": 3468, "populacao_15_19": 3040, "populacao_20_24": 2634, "populacao_25_29": 2141, "populacao_30_39": 3232, "populacao_40_49": 2258, "populacao_50_59": 1536, "populacao_60_69": 1096, "populacao_70": 987, "uf": 15}}, {"model": "covid19.municipio", "pk": 1504703, "fields": {"nome": "Moju", "populacao_projetada": 82094, "populacao_00_04": 8047, "populacao_05_09": 8650, "populacao_10_14": 8954, "populacao_15_19": 8088, "populacao_20_24": 6980, "populacao_25_29": 6015, "populacao_30_39": 9232, "populacao_40_49": 5919, "populacao_50_59": 3901, "populacao_60_69": 2351, "populacao_70": 1881, "uf": 15}}, {"model": "covid19.municipio", "pk": 1504752, "fields": {"nome": "Moju\u00ed dos Campos", "populacao_projetada": 16084, "populacao_00_04": 0, "populacao_05_09": 0, "populacao_10_14": 0, "populacao_15_19": 0, "populacao_20_24": 0, "populacao_25_29": 0, "populacao_30_39": 0, "populacao_40_49": 0, "populacao_50_59": 0, "populacao_60_69": 0, "populacao_70": 0, "uf": 15}}, {"model": "covid19.municipio", "pk": 1504802, "fields": {"nome": "Monte Alegre", "populacao_projetada": 58032, "populacao_00_04": 5305, "populacao_05_09": 6381, "populacao_10_14": 6935, "populacao_15_19": 6228, "populacao_20_24": 4550, "populacao_25_29": 4316, "populacao_30_39": 7583, "populacao_40_49": 5357, "populacao_50_59": 3975, "populacao_60_69": 2671, "populacao_70": 2161, "uf": 15}}, {"model": "covid19.municipio", "pk": 1504901, "fields": {"nome": "Muan\u00e1", "populacao_projetada": 40349, "populacao_00_04": 4005, "populacao_05_09": 4238, "populacao_10_14": 4216, "populacao_15_19": 3806, "populacao_20_24": 3418, "populacao_25_29": 3038, "populacao_30_39": 4604, "populacao_40_49": 2936, "populacao_50_59": 1957, "populacao_60_69": 1156, "populacao_70": 830, "uf": 15}}, {"model": "covid19.municipio", "pk": 1504950, "fields": {"nome": "Nova Esperan\u00e7a do Piri\u00e1", "populacao_projetada": 21368, "populacao_00_04": 2560, "populacao_05_09": 2590, "populacao_10_14": 2633, "populacao_15_19": 2330, "populacao_20_24": 1982, "populacao_25_29": 1787, "populacao_30_39": 2743, "populacao_40_49": 1638, "populacao_50_59": 1002, "populacao_60_69": 653, "populacao_70": 240, "uf": 15}}, {"model": "covid19.municipio", "pk": 1504976, "fields": {"nome": "Nova Ipixuna", "populacao_projetada": 16678, "populacao_00_04": 1492, "populacao_05_09": 1636, "populacao_10_14": 1719, "populacao_15_19": 1563, "populacao_20_24": 1348, "populacao_25_29": 1247, "populacao_30_39": 1993, "populacao_40_49": 1406, "populacao_50_59": 1089, "populacao_60_69": 718, "populacao_70": 434, "uf": 15}}, {"model": "covid19.municipio", "pk": 1505007, "fields": {"nome": "Nova Timboteua", "populacao_projetada": 15363, "populacao_00_04": 1094, "populacao_05_09": 1309, "populacao_10_14": 1370, "populacao_15_19": 1334, "populacao_20_24": 1261, "populacao_25_29": 1227, "populacao_30_39": 1991, "populacao_40_49": 1480, "populacao_50_59": 1114, "populacao_60_69": 786, "populacao_70": 704, "uf": 15}}, {"model": "covid19.municipio", "pk": 1505031, "fields": {"nome": "Novo Progresso", "populacao_projetada": 25762, "populacao_00_04": 2435, "populacao_05_09": 2529, "populacao_10_14": 2759, "populacao_15_19": 2407, "populacao_20_24": 2305, "populacao_25_29": 2256, "populacao_30_39": 4090, "populacao_40_49": 3355, "populacao_50_59": 1907, "populacao_60_69": 793, "populacao_70": 288, "uf": 15}}, {"model": "covid19.municipio", "pk": 1505064, "fields": {"nome": "Novo Repartimento", "populacao_projetada": 75919, "populacao_00_04": 7054, "populacao_05_09": 7391, "populacao_10_14": 7696, "populacao_15_19": 6692, "populacao_20_24": 5821, "populacao_25_29": 5461, "populacao_30_39": 8467, "populacao_40_49": 5829, "populacao_50_59": 4010, "populacao_60_69": 2328, "populacao_70": 1301, "uf": 15}}, {"model": "covid19.municipio", "pk": 1505106, "fields": {"nome": "\u00d3bidos", "populacao_projetada": 52137, "populacao_00_04": 5641, "populacao_05_09": 5904, "populacao_10_14": 5865, "populacao_15_19": 5169, "populacao_20_24": 4098, "populacao_25_29": 3993, "populacao_30_39": 6475, "populacao_40_49": 4559, "populacao_50_59": 3391, "populacao_60_69": 2366, "populacao_70": 1872, "uf": 15}}, {"model": "covid19.municipio", "pk": 1505205, "fields": {"nome": "Oeiras do Par\u00e1", "populacao_projetada": 32512, "populacao_00_04": 4043, "populacao_05_09": 4063, "populacao_10_14": 3959, "populacao_15_19": 3206, "populacao_20_24": 2592, "populacao_25_29": 2256, "populacao_30_39": 3415, "populacao_40_49": 2080, "populacao_50_59": 1364, "populacao_60_69": 945, "populacao_70": 672, "uf": 15}}, {"model": "covid19.municipio", "pk": 1505304, "fields": {"nome": "Oriximin\u00e1", "populacao_projetada": 73096, "populacao_00_04": 7371, "populacao_05_09": 7866, "populacao_10_14": 8002, "populacao_15_19": 6715, "populacao_20_24": 5485, "populacao_25_29": 5268, "populacao_30_39": 8336, "populacao_40_49": 5592, "populacao_50_59": 3929, "populacao_60_69": 2442, "populacao_70": 1788, "uf": 15}}, {"model": "covid19.municipio", "pk": 1505403, "fields": {"nome": "Our\u00e9m", "populacao_projetada": 17842, "populacao_00_04": 1570, "populacao_05_09": 1776, "populacao_10_14": 1972, "populacao_15_19": 1816, "populacao_20_24": 1467, "populacao_25_29": 1376, "populacao_30_39": 2176, "populacao_40_49": 1608, "populacao_50_59": 1101, "populacao_60_69": 778, "populacao_70": 671, "uf": 15}}, {"model": "covid19.municipio", "pk": 1505437, "fields": {"nome": "Ouril\u00e2ndia do Norte", "populacao_projetada": 32832, "populacao_00_04": 2858, "populacao_05_09": 2860, "populacao_10_14": 3000, "populacao_15_19": 2994, "populacao_20_24": 2967, "populacao_25_29": 2831, "populacao_30_39": 4369, "populacao_40_49": 2880, "populacao_50_59": 1477, "populacao_60_69": 741, "populacao_70": 382, "uf": 15}}, {"model": "covid19.municipio", "pk": 1505486, "fields": {"nome": "Pacaj\u00e1", "populacao_projetada": 47706, "populacao_00_04": 4608, "populacao_05_09": 4492, "populacao_10_14": 4948, "populacao_15_19": 4406, "populacao_20_24": 3866, "populacao_25_29": 3456, "populacao_30_39": 5304, "populacao_40_49": 3801, "populacao_50_59": 2693, "populacao_60_69": 1587, "populacao_70": 818, "uf": 15}}, {"model": "covid19.municipio", "pk": 1505494, "fields": {"nome": "Palestina do Par\u00e1", "populacao_projetada": 7589, "populacao_00_04": 753, "populacao_05_09": 822, "populacao_10_14": 807, "populacao_15_19": 850, "populacao_20_24": 669, "populacao_25_29": 645, "populacao_30_39": 971, "populacao_40_49": 706, "populacao_50_59": 564, "populacao_60_69": 387, "populacao_70": 301, "uf": 15}}, {"model": "covid19.municipio", "pk": 1505502, "fields": {"nome": "Paragominas", "populacao_projetada": 113145, "populacao_00_04": 10670, "populacao_05_09": 10806, "populacao_10_14": 11111, "populacao_15_19": 10072, "populacao_20_24": 10528, "populacao_25_29": 10210, "populacao_30_39": 15181, "populacao_40_49": 9503, "populacao_50_59": 5628, "populacao_60_69": 2629, "populacao_70": 1481, "uf": 15}}, {"model": "covid19.municipio", "pk": 1505536, "fields": {"nome": "Parauapebas", "populacao_projetada": 208273, "populacao_00_04": 16578, "populacao_05_09": 15263, "populacao_10_14": 15734, "populacao_15_19": 15392, "populacao_20_24": 18437, "populacao_25_29": 18552, "populacao_30_39": 25690, "populacao_40_49": 15057, "populacao_50_59": 8005, "populacao_60_69": 3235, "populacao_70": 1965, "uf": 15}}, {"model": "covid19.municipio", "pk": 1505551, "fields": {"nome": "Pau D'Arco", "populacao_projetada": 5483, "populacao_00_04": 539, "populacao_05_09": 591, "populacao_10_14": 702, "populacao_15_19": 670, "populacao_20_24": 580, "populacao_25_29": 461, "populacao_30_39": 869, "populacao_40_49": 643, "populacao_50_59": 446, "populacao_60_69": 308, "populacao_70": 224, "uf": 15}}, {"model": "covid19.municipio", "pk": 1505601, "fields": {"nome": "Peixe-Boi", "populacao_projetada": 8077, "populacao_00_04": 662, "populacao_05_09": 783, "populacao_10_14": 853, "populacao_15_19": 772, "populacao_20_24": 728, "populacao_25_29": 684, "populacao_30_39": 1042, "populacao_40_49": 857, "populacao_50_59": 664, "populacao_60_69": 410, "populacao_70": 399, "uf": 15}}, {"model": "covid19.municipio", "pk": 1505635, "fields": {"nome": "Pi\u00e7arra", "populacao_projetada": 12981, "populacao_00_04": 1303, "populacao_05_09": 1405, "populacao_10_14": 1526, "populacao_15_19": 1269, "populacao_20_24": 1123, "populacao_25_29": 1085, "populacao_30_39": 1923, "populacao_40_49": 1317, "populacao_50_59": 902, "populacao_60_69": 546, "populacao_70": 298, "uf": 15}}, {"model": "covid19.municipio", "pk": 1505650, "fields": {"nome": "Placas", "populacao_projetada": 30982, "populacao_00_04": 2727, "populacao_05_09": 2911, "populacao_10_14": 2722, "populacao_15_19": 2446, "populacao_20_24": 2260, "populacao_25_29": 2394, "populacao_30_39": 3505, "populacao_40_49": 2246, "populacao_50_59": 1472, "populacao_60_69": 844, "populacao_70": 407, "uf": 15}}, {"model": "covid19.municipio", "pk": 1505700, "fields": {"nome": "Ponta de Pedras", "populacao_projetada": 31082, "populacao_00_04": 2863, "populacao_05_09": 2996, "populacao_10_14": 2996, "populacao_15_19": 2911, "populacao_20_24": 2613, "populacao_25_29": 2238, "populacao_30_39": 3453, "populacao_40_49": 2477, "populacao_50_59": 1691, "populacao_60_69": 948, "populacao_70": 813, "uf": 15}}, {"model": "covid19.municipio", "pk": 1505809, "fields": {"nome": "Portel", "populacao_projetada": 62043, "populacao_00_04": 7846, "populacao_05_09": 7808, "populacao_10_14": 7599, "populacao_15_19": 5704, "populacao_20_24": 4793, "populacao_25_29": 4063, "populacao_30_39": 5906, "populacao_40_49": 3387, "populacao_50_59": 2404, "populacao_60_69": 1475, "populacao_70": 1187, "uf": 15}}, {"model": "covid19.municipio", "pk": 1505908, "fields": {"nome": "Porto de Moz", "populacao_projetada": 41135, "populacao_00_04": 4952, "populacao_05_09": 4674, "populacao_10_14": 4760, "populacao_15_19": 4059, "populacao_20_24": 3430, "populacao_25_29": 2720, "populacao_30_39": 4038, "populacao_40_49": 2376, "populacao_50_59": 1353, "populacao_60_69": 872, "populacao_70": 722, "uf": 15}}, {"model": "covid19.municipio", "pk": 1506005, "fields": {"nome": "Prainha", "populacao_projetada": 29866, "populacao_00_04": 3552, "populacao_05_09": 4009, "populacao_10_14": 4213, "populacao_15_19": 3324, "populacao_20_24": 2557, "populacao_25_29": 2287, "populacao_30_39": 3638, "populacao_40_49": 2544, "populacao_50_59": 1724, "populacao_60_69": 922, "populacao_70": 579, "uf": 15}}, {"model": "covid19.municipio", "pk": 1506104, "fields": {"nome": "Primavera", "populacao_projetada": 10825, "populacao_00_04": 828, "populacao_05_09": 1118, "populacao_10_14": 1213, "populacao_15_19": 1124, "populacao_20_24": 930, "populacao_25_29": 831, "populacao_30_39": 1338, "populacao_40_49": 1022, "populacao_50_59": 724, "populacao_60_69": 596, "populacao_70": 544, "uf": 15}}, {"model": "covid19.municipio", "pk": 1506112, "fields": {"nome": "Quatipuru", "populacao_projetada": 13608, "populacao_00_04": 1122, "populacao_05_09": 1488, "populacao_10_14": 1469, "populacao_15_19": 1399, "populacao_20_24": 1065, "populacao_25_29": 1073, "populacao_30_39": 1610, "populacao_40_49": 1226, "populacao_50_59": 875, "populacao_60_69": 578, "populacao_70": 506, "uf": 15}}, {"model": "covid19.municipio", "pk": 1506138, "fields": {"nome": "Reden\u00e7\u00e3o", "populacao_projetada": 84787, "populacao_00_04": 6909, "populacao_05_09": 7351, "populacao_10_14": 8295, "populacao_15_19": 7836, "populacao_20_24": 7294, "populacao_25_29": 7063, "populacao_30_39": 12058, "populacao_40_49": 8723, "populacao_50_59": 5221, "populacao_60_69": 2847, "populacao_70": 1959, "uf": 15}}, {"model": "covid19.municipio", "pk": 1506161, "fields": {"nome": "Rio Maria", "populacao_projetada": 18193, "populacao_00_04": 1477, "populacao_05_09": 1653, "populacao_10_14": 1783, "populacao_15_19": 1707, "populacao_20_24": 1693, "populacao_25_29": 1646, "populacao_30_39": 2744, "populacao_40_49": 2091, "populacao_50_59": 1431, "populacao_60_69": 886, "populacao_70": 586, "uf": 15}}, {"model": "covid19.municipio", "pk": 1506187, "fields": {"nome": "Rondon do Par\u00e1", "populacao_projetada": 52357, "populacao_00_04": 4221, "populacao_05_09": 4582, "populacao_10_14": 5018, "populacao_15_19": 4963, "populacao_20_24": 4644, "populacao_25_29": 4526, "populacao_30_39": 7131, "populacao_40_49": 5351, "populacao_50_59": 3350, "populacao_60_69": 1919, "populacao_70": 1259, "uf": 15}}, {"model": "covid19.municipio", "pk": 1506195, "fields": {"nome": "Rur\u00f3polis", "populacao_projetada": 50510, "populacao_00_04": 4230, "populacao_05_09": 4703, "populacao_10_14": 4875, "populacao_15_19": 4216, "populacao_20_24": 3902, "populacao_25_29": 3630, "populacao_30_39": 5688, "populacao_40_49": 3794, "populacao_50_59": 2697, "populacao_60_69": 1538, "populacao_70": 814, "uf": 15}}, {"model": "covid19.municipio", "pk": 1506203, "fields": {"nome": "Salin\u00f3polis", "populacao_projetada": 40675, "populacao_00_04": 3463, "populacao_05_09": 3809, "populacao_10_14": 4330, "populacao_15_19": 4180, "populacao_20_24": 3727, "populacao_25_29": 3486, "populacao_30_39": 5325, "populacao_40_49": 3740, "populacao_50_59": 2577, "populacao_60_69": 1642, "populacao_70": 1142, "uf": 15}}, {"model": "covid19.municipio", "pk": 1506302, "fields": {"nome": "Salvaterra", "populacao_projetada": 23752, "populacao_00_04": 1997, "populacao_05_09": 2101, "populacao_10_14": 2313, "populacao_15_19": 2270, "populacao_20_24": 1927, "populacao_25_29": 1603, "populacao_30_39": 2829, "populacao_40_49": 2020, "populacao_50_59": 1427, "populacao_60_69": 973, "populacao_70": 723, "uf": 15}}, {"model": "covid19.municipio", "pk": 1506351, "fields": {"nome": "Santa B\u00e1rbara do Par\u00e1", "populacao_projetada": 21079, "populacao_00_04": 1591, "populacao_05_09": 1758, "populacao_10_14": 2007, "populacao_15_19": 1744, "populacao_20_24": 1668, "populacao_25_29": 1526, "populacao_30_39": 2577, "populacao_40_49": 1785, "populacao_50_59": 1184, "populacao_60_69": 753, "populacao_70": 548, "uf": 15}}, {"model": "covid19.municipio", "pk": 1506401, "fields": {"nome": "Santa Cruz do Arari", "populacao_projetada": 10128, "populacao_00_04": 720, "populacao_05_09": 792, "populacao_10_14": 916, "populacao_15_19": 936, "populacao_20_24": 854, "populacao_25_29": 754, "populacao_30_39": 1226, "populacao_40_49": 835, "populacao_50_59": 519, "populacao_60_69": 344, "populacao_70": 259, "uf": 15}}, {"model": "covid19.municipio", "pk": 1506500, "fields": {"nome": "Santa Izabel do Par\u00e1", "populacao_projetada": 70801, "populacao_00_04": 4992, "populacao_05_09": 5464, "populacao_10_14": 6053, "populacao_15_19": 6179, "populacao_20_24": 6470, "populacao_25_29": 6254, "populacao_30_39": 9753, "populacao_40_49": 6354, "populacao_50_59": 3817, "populacao_60_69": 2380, "populacao_70": 1750, "uf": 15}}, {"model": "covid19.municipio", "pk": 1506559, "fields": {"nome": "Santa Luzia do Par\u00e1", "populacao_projetada": 19848, "populacao_00_04": 1938, "populacao_05_09": 2201, "populacao_10_14": 2422, "populacao_15_19": 2244, "populacao_20_24": 1922, "populacao_25_29": 1681, "populacao_30_39": 2509, "populacao_40_49": 1733, "populacao_50_59": 1249, "populacao_60_69": 823, "populacao_70": 702, "uf": 15}}, {"model": "covid19.municipio", "pk": 1506583, "fields": {"nome": "Santa Maria das Barreiras", "populacao_projetada": 21449, "populacao_00_04": 1612, "populacao_05_09": 1841, "populacao_10_14": 1867, "populacao_15_19": 1569, "populacao_20_24": 1307, "populacao_25_29": 1434, "populacao_30_39": 2427, "populacao_40_49": 2136, "populacao_50_59": 1657, "populacao_60_69": 890, "populacao_70": 466, "uf": 15}}, {"model": "covid19.municipio", "pk": 1506609, "fields": {"nome": "Santa Maria do Par\u00e1", "populacao_projetada": 24861, "populacao_00_04": 1909, "populacao_05_09": 2287, "populacao_10_14": 2333, "populacao_15_19": 2419, "populacao_20_24": 2156, "populacao_25_29": 2146, "populacao_30_39": 3483, "populacao_40_49": 2578, "populacao_50_59": 1723, "populacao_60_69": 1057, "populacao_70": 935, "uf": 15}}, {"model": "covid19.municipio", "pk": 1506708, "fields": {"nome": "Santana do Araguaia", "populacao_projetada": 72817, "populacao_00_04": 5261, "populacao_05_09": 6154, "populacao_10_14": 6486, "populacao_15_19": 5262, "populacao_20_24": 5918, "populacao_25_29": 5427, "populacao_30_39": 9691, "populacao_40_49": 5820, "populacao_50_59": 3371, "populacao_60_69": 1805, "populacao_70": 958, "uf": 15}}, {"model": "covid19.municipio", "pk": 1506807, "fields": {"nome": "Santar\u00e9m", "populacao_projetada": 304589, "populacao_00_04": 29254, "populacao_05_09": 30761, "populacao_10_14": 33101, "populacao_15_19": 32218, "populacao_20_24": 29121, "populacao_25_29": 25928, "populacao_30_39": 41229, "populacao_40_49": 29701, "populacao_50_59": 20664, "populacao_60_69": 12562, "populacao_70": 10041, "uf": 15}}, {"model": "covid19.municipio", "pk": 1506906, "fields": {"nome": "Santar\u00e9m Novo", "populacao_projetada": 6709, "populacao_00_04": 651, "populacao_05_09": 661, "populacao_10_14": 806, "populacao_15_19": 697, "populacao_20_24": 513, "populacao_25_29": 547, "populacao_30_39": 814, "populacao_40_49": 547, "populacao_50_59": 387, "populacao_60_69": 305, "populacao_70": 213, "uf": 15}}, {"model": "covid19.municipio", "pk": 1507003, "fields": {"nome": "Santo Ant\u00f4nio do Tau\u00e1", "populacao_projetada": 31482, "populacao_00_04": 2532, "populacao_05_09": 2695, "populacao_10_14": 3050, "populacao_15_19": 2957, "populacao_20_24": 2527, "populacao_25_29": 2324, "populacao_30_39": 3851, "populacao_40_49": 2542, "populacao_50_59": 1925, "populacao_60_69": 1337, "populacao_70": 934, "uf": 15}}, {"model": "covid19.municipio", "pk": 1507102, "fields": {"nome": "S\u00e3o Caetano de Odivelas", "populacao_projetada": 18050, "populacao_00_04": 1515, "populacao_05_09": 1742, "populacao_10_14": 1943, "populacao_15_19": 1855, "populacao_20_24": 1593, "populacao_25_29": 1445, "populacao_30_39": 2269, "populacao_40_49": 1621, "populacao_50_59": 1279, "populacao_60_69": 862, "populacao_70": 767, "uf": 15}}, {"model": "covid19.municipio", "pk": 1507151, "fields": {"nome": "S\u00e3o Domingos do Araguaia", "populacao_projetada": 25557, "populacao_00_04": 2407, "populacao_05_09": 2593, "populacao_10_14": 2764, "populacao_15_19": 2555, "populacao_20_24": 2055, "populacao_25_29": 1928, "populacao_30_39": 3140, "populacao_40_49": 2158, "populacao_50_59": 1560, "populacao_60_69": 1110, "populacao_70": 860, "uf": 15}}, {"model": "covid19.municipio", "pk": 1507201, "fields": {"nome": "S\u00e3o Domingos do Capim", "populacao_projetada": 31989, "populacao_00_04": 3902, "populacao_05_09": 3857, "populacao_10_14": 4011, "populacao_15_19": 3321, "populacao_20_24": 2701, "populacao_25_29": 2332, "populacao_30_39": 3679, "populacao_40_49": 2338, "populacao_50_59": 1623, "populacao_60_69": 1237, "populacao_70": 845, "uf": 15}}, {"model": "covid19.municipio", "pk": 1507300, "fields": {"nome": "S\u00e3o F\u00e9lix do Xingu", "populacao_projetada": 128481, "populacao_00_04": 7848, "populacao_05_09": 9510, "populacao_10_14": 9740, "populacao_15_19": 8776, "populacao_20_24": 9920, "populacao_25_29": 9572, "populacao_30_39": 16481, "populacao_40_49": 10200, "populacao_50_59": 5497, "populacao_60_69": 2665, "populacao_70": 1131, "uf": 15}}, {"model": "covid19.municipio", "pk": 1507409, "fields": {"nome": "S\u00e3o Francisco do Par\u00e1", "populacao_projetada": 15882, "populacao_00_04": 1256, "populacao_05_09": 1449, "populacao_10_14": 1625, "populacao_15_19": 1574, "populacao_20_24": 1421, "populacao_25_29": 1351, "populacao_30_39": 2122, "populacao_40_49": 1579, "populacao_50_59": 1211, "populacao_60_69": 790, "populacao_70": 682, "uf": 15}}, {"model": "covid19.municipio", "pk": 1507458, "fields": {"nome": "S\u00e3o Geraldo do Araguaia", "populacao_projetada": 24847, "populacao_00_04": 2448, "populacao_05_09": 2684, "populacao_10_14": 3012, "populacao_15_19": 2657, "populacao_20_24": 2357, "populacao_25_29": 2297, "populacao_30_39": 3657, "populacao_40_49": 2597, "populacao_50_59": 1826, "populacao_60_69": 1139, "populacao_70": 913, "uf": 15}}, {"model": "covid19.municipio", "pk": 1507466, "fields": {"nome": "S\u00e3o Jo\u00e3o da Ponta", "populacao_projetada": 6139, "populacao_00_04": 563, "populacao_05_09": 568, "populacao_10_14": 578, "populacao_15_19": 575, "populacao_20_24": 480, "populacao_25_29": 405, "populacao_30_39": 652, "populacao_40_49": 514, "populacao_50_59": 407, "populacao_60_69": 268, "populacao_70": 255, "uf": 15}}, {"model": "covid19.municipio", "pk": 1507474, "fields": {"nome": "S\u00e3o Jo\u00e3o de Pirabas", "populacao_projetada": 23045, "populacao_00_04": 2002, "populacao_05_09": 2273, "populacao_10_14": 2435, "populacao_15_19": 2285, "populacao_20_24": 1954, "populacao_25_29": 1720, "populacao_30_39": 2669, "populacao_40_49": 1839, "populacao_50_59": 1457, "populacao_60_69": 1080, "populacao_70": 933, "uf": 15}}, {"model": "covid19.municipio", "pk": 1507508, "fields": {"nome": "S\u00e3o Jo\u00e3o do Araguaia", "populacao_projetada": 13996, "populacao_00_04": 1396, "populacao_05_09": 1480, "populacao_10_14": 1631, "populacao_15_19": 1465, "populacao_20_24": 1145, "populacao_25_29": 1020, "populacao_30_39": 1628, "populacao_40_49": 1365, "populacao_50_59": 969, "populacao_60_69": 600, "populacao_70": 456, "uf": 15}}, {"model": "covid19.municipio", "pk": 1507607, "fields": {"nome": "S\u00e3o Miguel do Guam\u00e1", "populacao_projetada": 58986, "populacao_00_04": 5290, "populacao_05_09": 5794, "populacao_10_14": 6014, "populacao_15_19": 5603, "populacao_20_24": 5048, "populacao_25_29": 4619, "populacao_30_39": 7121, "populacao_40_49": 4877, "populacao_50_59": 3200, "populacao_60_69": 2236, "populacao_70": 1765, "uf": 15}}, {"model": "covid19.municipio", "pk": 1507706, "fields": {"nome": "S\u00e3o Sebasti\u00e3o da Boa Vista", "populacao_projetada": 26640, "populacao_00_04": 2714, "populacao_05_09": 2809, "populacao_10_14": 2838, "populacao_15_19": 2719, "populacao_20_24": 2377, "populacao_25_29": 1993, "populacao_30_39": 2826, "populacao_40_49": 1848, "populacao_50_59": 1222, "populacao_60_69": 788, "populacao_70": 770, "uf": 15}}, {"model": "covid19.municipio", "pk": 1507755, "fields": {"nome": "Sapucaia", "populacao_projetada": 5930, "populacao_00_04": 460, "populacao_05_09": 511, "populacao_10_14": 565, "populacao_15_19": 493, "populacao_20_24": 506, "populacao_25_29": 457, "populacao_30_39": 753, "populacao_40_49": 640, "populacao_50_59": 374, "populacao_60_69": 192, "populacao_70": 96, "uf": 15}}, {"model": "covid19.municipio", "pk": 1507805, "fields": {"nome": "Senador Jos\u00e9 Porf\u00edrio", "populacao_projetada": 11658, "populacao_00_04": 1571, "populacao_05_09": 1635, "populacao_10_14": 1658, "populacao_15_19": 1314, "populacao_20_24": 1118, "populacao_25_29": 1117, "populacao_30_39": 1770, "populacao_40_49": 1295, "populacao_50_59": 845, "populacao_60_69": 456, "populacao_70": 266, "uf": 15}}, {"model": "covid19.municipio", "pk": 1507904, "fields": {"nome": "Soure", "populacao_projetada": 25374, "populacao_00_04": 2103, "populacao_05_09": 2299, "populacao_10_14": 2581, "populacao_15_19": 2549, "populacao_20_24": 2112, "populacao_25_29": 2046, "populacao_30_39": 3120, "populacao_40_49": 2373, "populacao_50_59": 1709, "populacao_60_69": 1101, "populacao_70": 1008, "uf": 15}}, {"model": "covid19.municipio", "pk": 1507953, "fields": {"nome": "Tail\u00e2ndia", "populacao_projetada": 106339, "populacao_00_04": 8690, "populacao_05_09": 9503, "populacao_10_14": 9578, "populacao_15_19": 8318, "populacao_20_24": 9072, "populacao_25_29": 8803, "populacao_30_39": 12498, "populacao_40_49": 6616, "populacao_50_59": 3370, "populacao_60_69": 1931, "populacao_70": 918, "uf": 15}}, {"model": "covid19.municipio", "pk": 1507961, "fields": {"nome": "Terra Alta", "populacao_projetada": 11720, "populacao_00_04": 920, "populacao_05_09": 1072, "populacao_10_14": 1292, "populacao_15_19": 1177, "populacao_20_24": 868, "populacao_25_29": 882, "populacao_30_39": 1321, "populacao_40_49": 1038, "populacao_50_59": 694, "populacao_60_69": 545, "populacao_70": 453, "uf": 15}}, {"model": "covid19.municipio", "pk": 1507979, "fields": {"nome": "Terra Santa", "populacao_projetada": 18769, "populacao_00_04": 1659, "populacao_05_09": 1995, "populacao_10_14": 2200, "populacao_15_19": 1992, "populacao_20_24": 1441, "populacao_25_29": 1445, "populacao_30_39": 2308, "populacao_40_49": 1440, "populacao_50_59": 1072, "populacao_60_69": 708, "populacao_70": 688, "uf": 15}}, {"model": "covid19.municipio", "pk": 1508001, "fields": {"nome": "Tom\u00e9-A\u00e7u", "populacao_projetada": 63447, "populacao_00_04": 6482, "populacao_05_09": 6426, "populacao_10_14": 6749, "populacao_15_19": 6331, "populacao_20_24": 5563, "populacao_25_29": 4971, "populacao_30_39": 7878, "populacao_40_49": 5094, "populacao_50_59": 3289, "populacao_60_69": 2140, "populacao_70": 1595, "uf": 15}}, {"model": "covid19.municipio", "pk": 1508035, "fields": {"nome": "Tracuateua", "populacao_projetada": 30959, "populacao_00_04": 3010, "populacao_05_09": 3103, "populacao_10_14": 3384, "populacao_15_19": 3153, "populacao_20_24": 2586, "populacao_25_29": 2301, "populacao_30_39": 3508, "populacao_40_49": 2424, "populacao_50_59": 1867, "populacao_60_69": 1183, "populacao_70": 936, "uf": 15}}, {"model": "covid19.municipio", "pk": 1508050, "fields": {"nome": "Trair\u00e3o", "populacao_projetada": 18989, "populacao_00_04": 1901, "populacao_05_09": 1839, "populacao_10_14": 1860, "populacao_15_19": 1699, "populacao_20_24": 1758, "populacao_25_29": 1756, "populacao_30_39": 2531, "populacao_40_49": 1600, "populacao_50_59": 1146, "populacao_60_69": 584, "populacao_70": 201, "uf": 15}}, {"model": "covid19.municipio", "pk": 1508084, "fields": {"nome": "Tucum\u00e3", "populacao_projetada": 39602, "populacao_00_04": 3236, "populacao_05_09": 3275, "populacao_10_14": 3484, "populacao_15_19": 3587, "populacao_20_24": 3449, "populacao_25_29": 3285, "populacao_30_39": 5249, "populacao_40_49": 3777, "populacao_50_59": 2331, "populacao_60_69": 1251, "populacao_70": 766, "uf": 15}}, {"model": "covid19.municipio", "pk": 1508100, "fields": {"nome": "Tucuru\u00ed", "populacao_projetada": 113659, "populacao_00_04": 9918, "populacao_05_09": 10157, "populacao_10_14": 10966, "populacao_15_19": 10530, "populacao_20_24": 10389, "populacao_25_29": 9507, "populacao_30_39": 14517, "populacao_40_49": 9649, "populacao_50_59": 6347, "populacao_60_69": 3061, "populacao_70": 2087, "uf": 15}}, {"model": "covid19.municipio", "pk": 1508126, "fields": {"nome": "Ulian\u00f3polis", "populacao_projetada": 59210, "populacao_00_04": 4725, "populacao_05_09": 5031, "populacao_10_14": 5092, "populacao_15_19": 4141, "populacao_20_24": 4981, "populacao_25_29": 4089, "populacao_30_39": 7594, "populacao_40_49": 3718, "populacao_50_59": 2370, "populacao_60_69": 1115, "populacao_70": 485, "uf": 15}}, {"model": "covid19.municipio", "pk": 1508159, "fields": {"nome": "Uruar\u00e1", "populacao_projetada": 45476, "populacao_00_04": 4950, "populacao_05_09": 4846, "populacao_10_14": 5082, "populacao_15_19": 4669, "populacao_20_24": 4447, "populacao_25_29": 4418, "populacao_30_39": 6768, "populacao_40_49": 4325, "populacao_50_59": 2819, "populacao_60_69": 1652, "populacao_70": 813, "uf": 15}}, {"model": "covid19.municipio", "pk": 1508209, "fields": {"nome": "Vigia", "populacao_projetada": 53686, "populacao_00_04": 4270, "populacao_05_09": 4724, "populacao_10_14": 5076, "populacao_15_19": 5182, "populacao_20_24": 4807, "populacao_25_29": 4450, "populacao_30_39": 6946, "populacao_40_49": 4739, "populacao_50_59": 3503, "populacao_60_69": 2320, "populacao_70": 1872, "uf": 15}}, {"model": "covid19.municipio", "pk": 1508308, "fields": {"nome": "Viseu", "populacao_projetada": 61403, "populacao_00_04": 7110, "populacao_05_09": 7461, "populacao_10_14": 7456, "populacao_15_19": 6341, "populacao_20_24": 5236, "populacao_25_29": 4661, "populacao_30_39": 6552, "populacao_40_49": 4552, "populacao_50_59": 3400, "populacao_60_69": 2123, "populacao_70": 1824, "uf": 15}}, {"model": "covid19.municipio", "pk": 1508357, "fields": {"nome": "Vit\u00f3ria do Xingu", "populacao_projetada": 15134, "populacao_00_04": 1245, "populacao_05_09": 1271, "populacao_10_14": 1617, "populacao_15_19": 1582, "populacao_20_24": 1447, "populacao_25_29": 1219, "populacao_30_39": 1948, "populacao_40_49": 1323, "populacao_50_59": 912, "populacao_60_69": 509, "populacao_70": 359, "uf": 15}}, {"model": "covid19.municipio", "pk": 1508407, "fields": {"nome": "Xinguara", "populacao_projetada": 44751, "populacao_00_04": 3764, "populacao_05_09": 4022, "populacao_10_14": 4349, "populacao_15_19": 4035, "populacao_20_24": 3991, "populacao_25_29": 3928, "populacao_30_39": 6400, "populacao_40_49": 4606, "populacao_50_59": 2879, "populacao_60_69": 1536, "populacao_70": 1063, "uf": 15}}, {"model": "covid19.uf", "pk": 11, "fields": {"nome": "Rond\u00f4nia", "sigla": "RO"}}, {"model": "covid19.uf", "pk": 12, "fields": {"nome": "Acre", "sigla": "AC"}}, {"model": "covid19.uf", "pk": 13, "fields": {"nome": "Amazonas", "sigla": "AM"}}, {"model": "covid19.uf", "pk": 14, "fields": {"nome": "Roraima", "sigla": "RR"}}, {"model": "covid19.uf", "pk": 15, "fields": {"nome": "Par\u00e1", "sigla": "PA"}}, {"model": "covid19.uf", "pk": 16, "fields": {"nome": "Amap\u00e1", "sigla": "AP"}}, {"model": "covid19.uf", "pk": 17, "fields": {"nome": "Tocantins", "sigla": "TO"}}, {"model": "covid19.uf", "pk": 21, "fields": {"nome": "Maranh\u00e3o", "sigla": "MA"}}, {"model": "covid19.uf", "pk": 22, "fields": {"nome": "Piau\u00ed", "sigla": "PI"}}, {"model": "covid19.uf", "pk": 23, "fields": {"nome": "Cear\u00e1", "sigla": "CE"}}, {"model": "covid19.uf", "pk": 24, "fields": {"nome": "Rio Grande do Norte", "sigla": "RN"}}, {"model": "covid19.uf", "pk": 25, "fields": {"nome": "Para\u00edba", "sigla": "PB"}}, {"model": "covid19.uf", "pk": 26, "fields": {"nome": "Pernambuco", "sigla": "PE"}}, {"model": "covid19.uf", "pk": 27, "fields": {"nome": "Alagoas", "sigla": "AL"}}, {"model": "covid19.uf", "pk": 28, "fields": {"nome": "Sergipe", "sigla": "SE"}}, {"model": "covid19.uf", "pk": 29, "fields": {"nome": "Bahia", "sigla": "BA"}}, {"model": "covid19.uf", "pk": 31, "fields": {"nome": "Minas Gerais", "sigla": "MG"}}, {"model": "covid19.uf", "pk": 32, "fields": {"nome": "Esp\u00edrito Santo", "sigla": "ES"}}, {"model": "covid19.uf", "pk": 33, "fields": {"nome": "Rio de Janeiro", "sigla": "RJ"}}, {"model": "covid19.uf", "pk": 35, "fields": {"nome": "S\u00e3o Paulo", "sigla": "SP"}}, {"model": "covid19.uf", "pk": 41, "fields": {"nome": "Paran\u00e1", "sigla": "PR"}}, {"model": "covid19.uf", "pk": 42, "fields": {"nome": "Santa Catarina", "sigla": "SC"}}, {"model": "covid19.uf", "pk": 43, "fields": {"nome": "Rio Grande do Sul", "sigla": "RS"}}, {"model": "covid19.uf", "pk": 50, "fields": {"nome": "Mato Grosso do Sul", "sigla": "MS"}}, {"model": "covid19.uf", "pk": 51, "fields": {"nome": "Mato Grosso", "sigla": "MT"}}, {"model": "covid19.uf", "pk": 52, "fields": {"nome": "Goi\u00e1s", "sigla": "GO"}}, {"model": "covid19.uf", "pk": 53, "fields": {"nome": "Distrito Federal", "sigla": "DF"}}]